{"count":1,"gauges":{},"self":1015.9342591999999,"total":2366.843715,"children":{"AgentResetIfDone":{"count":1022701,"self":11.2783824,"total":11.278381999999999,"children":null},"AgentSendState":{"count":1022701,"self":14.454955199999999,"total":17.295731,"children":{"CollectObservations":{"count":204541,"self":2.840776,"total":2.840776,"children":null}}},"DecideAction":{"count":1022701,"self":1299.0727167999999,"total":1307.202744,"children":{"AgentInfo.ToProto":{"count":204541,"self":8.1300256,"total":8.1300259999999991,"children":null}}},"AcademyStep":{"count":1022701,"self":5.6733807999999994,"total":5.673381,"children":null},"AgentAct":{"count":1022701,"self":9.4574832,"total":9.457483,"children":null}}}