{"count":1,"gauges":{},"self":16.4710304,"total":16.542478,"children":{"AgentResetIfDone":{"count":785,"self":0.018379,"total":0.018379,"children":null},"AgentSendState":{"count":785,"self":0.012118,"total":0.016545,"children":{"CollectObservations":{"count":157,"self":0.0044269999999999995,"total":0.0044269999999999995,"children":null}}},"DecideAction":{"count":785,"self":0.014185999999999999,"total":0.014185999999999999,"children":null},"AcademyStep":{"count":785,"self":0.006254,"total":0.006254,"children":null},"AgentAct":{"count":785,"self":0.014532999999999999,"total":0.014532999999999999,"children":null}}}