{"cameraMode":{"drawMode":0,"name":"Shaded","section":"Shading Mode"},"sceneLighting":false,"audioPlay":false,"sceneViewState":{"showFog":false,"showMaterialUpdate":false,"showSkybox":false,"showFlares":false,"showImageEffects":false,"showParticleSystems":false},"in2DMode":false,"pivot":{"x":-0.001289069652557373,"y":7.696529388427734,"z":-1.5940265655517579},"rotation":{"x":-0.046787701547145846,"y":-0.014386721886694432,"z":0.0006738431984558702,"w":-0.9988020062446594},"size":19.647140502929689,"orthographic":false}