{"cameraMode":{"drawMode":0,"name":"Shaded","section":"Shading Mode"},"sceneLighting":false,"audioPlay":false,"sceneViewState":{"showFog":false,"showMaterialUpdate":false,"showSkybox":false,"showFlares":false,"showImageEffects":false,"showParticleSystems":false},"in2DMode":false,"pivot":{"x":0.5834591388702393,"y":7.767430782318115,"z":-1.1864013671875},"rotation":{"x":0.16275030374526978,"y":0.016279255971312524,"z":-0.002685611369088292,"w":0.9865291118621826},"size":24.334232330322267,"orthographic":false}