{"cameraMode":{"drawMode":0,"name":"Shaded","section":"Shading Mode"},"sceneLighting":false,"audioPlay":false,"sceneViewState":{"showFog":false,"showMaterialUpdate":false,"showSkybox":false,"showFlares":false,"showImageEffects":false,"showParticleSystems":false},"in2DMode":false,"pivot":{"x":1.5043268203735352,"y":-4.033546447753906,"z":-0.07316017150878906},"rotation":{"x":0.40175288915634158,"y":0.04667103290557861,"z":-0.020508484914898874,"w":0.9143316149711609},"size":15.799561500549317,"orthographic":true}