{"cameraMode":{"drawMode":0,"name":"Shaded","section":"Shading Mode"},"sceneLighting":false,"audioPlay":false,"sceneViewState":{"showFog":false,"showMaterialUpdate":false,"showSkybox":false,"showFlares":false,"showImageEffects":false,"showParticleSystems":false},"in2DMode":false,"pivot":{"x":-6.942619323730469,"y":3.3253931999206545,"z":3.6659252643585207},"rotation":{"x":-0.1882694959640503,"y":-0.11841975897550583,"z":0.02287384122610092,"w":-0.9746838212013245},"size":16.210773468017579,"orthographic":false}