{"cameraMode":{"drawMode":0,"name":"Shaded","section":"Shading Mode"},"sceneLighting":false,"audioPlay":false,"sceneViewState":{"showFog":false,"showMaterialUpdate":false,"showSkybox":false,"showFlares":false,"showImageEffects":false,"showParticleSystems":false},"in2DMode":false,"pivot":{"x":-5.532965183258057,"y":3.6979148387908937,"z":-0.9493045806884766},"rotation":{"x":-0.2411833256483078,"y":0.4806217849254608,"z":-0.13940759003162385,"w":-0.8315042853355408},"size":16.379589080810548,"orthographic":false}