{"cameraMode":{"drawMode":0,"name":"Shaded","section":"Shading Mode"},"sceneLighting":false,"audioPlay":false,"sceneViewState":{"showFog":false,"showMaterialUpdate":false,"showSkybox":false,"showFlares":false,"showImageEffects":false,"showParticleSystems":false},"in2DMode":false,"pivot":{"x":0.5055181980133057,"y":0.3470388948917389,"z":0.09852811694145203},"rotation":{"x":0.21574987471103669,"y":-0.0204941313713789,"z":0.004556876607239246,"w":0.976261556148529},"size":5.791524410247803,"orthographic":true}