{"cameraMode":{"drawMode":0,"name":"Shaded","section":"Shading Mode"},"sceneLighting":false,"audioPlay":false,"sceneViewState":{"showFog":false,"showMaterialUpdate":false,"showSkybox":false,"showFlares":false,"showImageEffects":false,"showParticleSystems":false},"in2DMode":false,"pivot":{"x":-0.8977673053741455,"y":3.2908730506896974,"z":1.237806797027588},"rotation":{"x":-0.15257789194583894,"y":0.2993334233760834,"z":-0.04855501651763916,"w":-0.940618097782135},"size":6.5241498947143559,"orthographic":false}