{"cameraMode":{"drawMode":0,"name":"Shaded","section":"Shading Mode"},"sceneLighting":false,"audioPlay":false,"sceneViewState":{"showFog":false,"showMaterialUpdate":false,"showSkybox":false,"showFlares":false,"showImageEffects":false,"showParticleSystems":false},"in2DMode":false,"pivot":{"x":0.0000011920928955078126,"y":-0.5000056028366089,"z":0.0},"rotation":{"x":0.07042130827903748,"y":-0.023937921971082689,"z":0.001690301694907248,"w":0.9972298741340637},"size":18.740346908569337,"orthographic":true}