{"cameraMode":{"drawMode":0,"name":"Shaded","section":"Shading Mode"},"sceneLighting":false,"audioPlay":false,"sceneViewState":{"showFog":false,"showMaterialUpdate":false,"showSkybox":false,"showFlares":false,"showImageEffects":false,"showParticleSystems":false},"in2DMode":false,"pivot":{"x":-0.039999961853027347,"y":6.880000114440918,"z":-0.3899999260902405},"rotation":{"x":-0.1298437863588333,"y":-0.09444455057382584,"z":0.01242514792829752,"w":-0.986948549747467},"size":8.191264152526856,"orthographic":false}