{"cameraMode":{"drawMode":0,"name":"Shaded","section":"Shading Mode"},"sceneLighting":false,"audioPlay":false,"sceneViewState":{"showFog":false,"showMaterialUpdate":false,"showSkybox":false,"showFlares":false,"showImageEffects":false,"showParticleSystems":false},"in2DMode":false,"pivot":{"x":0.12500572204589845,"y":-2.5,"z":-0.05000114440917969},"rotation":{"x":-0.008691143244504929,"y":0.9199327230453491,"z":-0.39144858717918398,"w":-0.020424962043762208},"size":237.38092041015626,"orthographic":false}