{"cameraMode":{"drawMode":0,"name":"Shaded","section":"Shading Mode"},"sceneLighting":false,"audioPlay":false,"sceneViewState":{"showFog":false,"showMaterialUpdate":false,"showSkybox":false,"showFlares":false,"showImageEffects":false,"showParticleSystems":false},"in2DMode":false,"pivot":{"x":-0.07505059242248535,"y":7.942424774169922,"z":-0.49681127071380618},"rotation":{"x":-0.1882694959640503,"y":-0.11841975897550583,"z":0.02287384122610092,"w":-0.9746838212013245},"size":26.348731994628908,"orthographic":false}