{"cameraMode":{"drawMode":0,"name":"Shaded","section":"Shading Mode"},"sceneLighting":false,"audioPlay":false,"sceneViewState":{"showFog":false,"showMaterialUpdate":false,"showSkybox":false,"showFlares":false,"showImageEffects":false,"showParticleSystems":false},"in2DMode":false,"pivot":{"x":-1.1372578144073487,"y":3.2983455657958986,"z":-1.553049087524414},"rotation":{"x":0.16108691692352296,"y":-0.0503033809363842,"z":0.008248484693467617,"w":0.9856559634208679},"size":15.353479385375977,"orthographic":true}