{"cameraMode":{"drawMode":0,"name":"Shaded","section":"Shading Mode"},"sceneLighting":false,"audioPlay":false,"sceneViewState":{"showFog":false,"showMaterialUpdate":false,"showSkybox":false,"showFlares":false,"showImageEffects":false,"showParticleSystems":false},"in2DMode":false,"pivot":{"x":13.548099517822266,"y":-42.07408905029297,"z":97.64968872070313},"rotation":{"x":0.21121998131275178,"y":0.0395740307867527,"z":-0.008559245616197586,"w":0.9766004085540772},"size":123.88330841064453,"orthographic":false}