{"cameraMode":{"drawMode":0,"name":"Shaded","section":"Shading Mode"},"sceneLighting":false,"audioPlay":false,"sceneViewState":{"showFog":false,"showMaterialUpdate":false,"showSkybox":false,"showFlares":false,"showImageEffects":false,"showParticleSystems":false},"in2DMode":false,"pivot":{"x":3.411275863647461,"y":-13.106282234191895,"z":20.713478088378908},"rotation":{"x":-0.27268755435943606,"y":0.22621718049049378,"z":-0.06609742343425751,"w":-0.9328091740608215},"size":53.98886489868164,"orthographic":false}