{"cameraMode":{"drawMode":0,"name":"Shaded","section":"Shading Mode"},"sceneLighting":false,"audioPlay":false,"sceneViewState":{"showFog":false,"showMaterialUpdate":false,"showSkybox":false,"showFlares":false,"showImageEffects":false,"showParticleSystems":false},"in2DMode":false,"pivot":{"x":-0.07505059242248535,"y":7.9424238204956059,"z":-0.49681127071380618},"rotation":{"x":0.21121998131275178,"y":0.0395740307867527,"z":-0.008559245616197586,"w":0.9766004085540772},"size":22.66069793701172,"orthographic":false}